Create an account, Створити обліковий запис
Join us for exclusive offers and order tracking, Приєднуйтесь до нас для ексклюзивних пропозицій та відстеження замовлень
Already have an account?, Вже є обліковий запис?
Login, Вхід
Welcome Back!, Ласкаво просимо!
Please sign in to your account, Будь ласка, увійдіть до свого облікового запису
Forgot your password?, Забули пароль?
Reset Your Password, Скинути пароль
Please enter your email to receive a reset link, Будь ласка, введіть вашу електронну адресу, щоб отримати посилання для скидання
Invalid email or password, Невірна електронна адреса або пароль
My Account, Мій обліковий запис
Recent Orders, Останні замовлення
Account Information, Інформація про обліковий запис
Address Book, Адресна книга
Reset password, Скинути пароль
