Discount ${discount} For All Orders Over ${price}, Знижка ${discount} на всі замовлення понад ${price}
Please select, Будь ласка, оберіть...
The page you requested does not exist., Запитана вами сторінка не існує.
Continue shopping, Продовжити покупки
404 Page Not Found, 404 Сторінку не знайдено
Home, Головна
Not found, Не знайдено
Shop, Магазин
About us, Про нас
Shop Now, Купити зараз
View Collection, Переглянути колекцію
Discover our exquisite collection of ceramic and stainless steel products, Відкрийте для себе нашу вишукану колекцію керамічних та нержавіючих виробів
Premium Quality Products, Продукція преміум якості
Elegant designs that enhance your daily life, from morning coffee to home organization, Елегантні дизайни, які покращують ваше повсякденне життя, від ранкової кави до організації дому
Crafted With Care, Створено з турботою
Previous slide, Попередній слайд
Next slide, Наступний слайд
Go to slide, Перейти до слайду
Slideshow image, Зображення слайдера
