Customer Reviews, Відгуки покупців
Be the first to review this product, Будьте першим, хто залишить відгук про цей товар
Review by ${customer_name}, Відгук від ${customer_name}
Your review has been submitted successfully!, Ваш відгук успішно надіслано!
Your comment, Ваш коментар
Submit review, Надіслати відгук
Your Rating, Ваша оцінка
Rating is required, Оцінка є обов'язковою
Your Name, Ваше ім'я
Name is required, Ім'я є обов'язковим
Your Comment, Ваш коментар
Comment is required, Коментар є обов'язковим
